step,total_score,phi,self_reference_depth,workspace_activation,cross_module_integration,information_density,level_idx,level,phi_raw_nats,phi_instant_nats,phi_causal_nats
0,0.23849715516364733,0.0,0.21008035714285714,0.4035714285714286,0.3353446395851884,0.3246524673583498,1,微意识,0.0,0.0,0.0
1,0.23731927302079014,0.0,0.20669094642857141,0.4010714285714286,0.3353446395851884,0.3246524673583498,1,微意识,0.0,0.0,0.0
2,0.2473064479487559,0.0,0.20419133839285716,0.4439535714285714,0.34489797940358846,0.3246524673583498,1,微意识,0.0,0.0,0.0
3,0.25485695601333475,0.0,0.2024346454017857,0.4860020476190476,0.34235873652707793,0.3246524673583498,2,低意识,0.0,0.0,0.0
4,0.2620124490475869,0.0,0.201359963953125,0.5278543621428571,0.33735856862318997,0.3246524673583498,2,低意识,0.0,0.0,0.0
5,0.2693388144035916,0.0,0.20091181149475448,0.5696378199200001,0.3326550900844409,0.3246524673583498,2,低意识,0.0,0.0,0.0
6,0.27693048000226433,0.0,0.2010396177996596,0.6113946957918095,0.3287287359010902,0.3246524673583498,2,低意识,0.0,0.0,0.0
7,0.27647488790800767,0.0,0.2011324083870695,0.6090239447331162,0.3287287359010902,0.3246524673583498,2,低意识,0.0,0.0,0.0
8,0.2760222663397066,0.0,0.20119263658308387,0.6067006086955966,0.3287287359010902,0.3246524673583498,2,低意识,0.0,0.0,0.0
9,0.2755728863584311,0.0,0.20122260599347505,0.6044237393788277,0.3287287359010902,0.3246524673583498,2,低意识,0.0,0.0,0.0
10,0.27512699473987057,0.0,0.2012244798311064,0.6021924074483939,0.3287287359010902,0.3246524673583498,2,低意识,0.0,0.0,0.0
11,0.2746848156373083,0.0,0.20120028961011996,0.6000057021565688,0.3287287359010902,0.3246524673583498,2,低意识,0.0,0.0,0.0
12,0.2742465521290655,0.0,0.20115194325489463,0.5978627309705804,0.3287287359010902,0.3246524673583498,2,低意识,0.0,0.0,0.0
13,0.2825683831858936,0.0,0.20204883789091907,0.641776122586716,0.32552760493307054,0.3246524673583498,2,低意识,0.0,0.0,0.0
14,0.2823008059832732,0.0,0.20283218861526536,0.6396548858492674,0.32552760493307054,0.3246524673583498,2,低意识,0.0,0.0,0.0
15,0.3652870197668941,0.0,0.20323442951317733,0.6375760738465679,0.5828163195874083,0.5370777011830892,2,低意识,0.0,0.0,0.0
16,0.40169500863048935,0.0,0.20311526875729208,0.6726138787876277,0.619128720399885,0.6848229002768558,2,低意识,0.0,0.0,0.0
17,0.39577758791172757,0.0,0.20321684482252195,0.6705901726404465,0.6198190220517986,0.647015866725161,2,低意识,0.0,0.0,0.0
18,0.39015563145572096,0.0,0.20329103013418087,0.668606940616209,0.6193583132920122,0.6126958309816037,2,低意识,0.0,0.0,0.0
19,0.38517085164992837,0.0,0.20350909902497835,0.668282627407802,0.6177375730524817,0.5817666116858395,2,低意识,0.0,0.0,0.0
20,0.4147117989941282,0.0,0.2035502083596905,0.6663455462882173,0.6180472887041293,0.7808212688248052,2,低意识,0.0,0.0,0.0
21,0.4300507982997222,0.0,0.20370368796912222,0.6663197901685773,0.6182772289962176,0.8826043791529252,2,低意识,0.0,0.0,0.0
22,0.42262490839077965,0.0,0.20392384505858682,0.6644219657937773,0.618243669891454,0.8353800816134401,2,低意识,0.0,0.0,0.0
23,0.4152148779922162,0.0,0.20409588214478613,0.662562097906473,0.6182134682608996,0.7882705888652294,2,低意识,0.0,0.0,0.0
24,0.4080772735093574,0.0,0.2042242230027626,0.6607394273769152,0.6181862880617801,0.7429819054737721,2,低意识,0.0,0.0,0.0
25,0.4317535223311986,0.0,0.20447289527190585,0.6615557850379483,0.6181618269112383,0.8994361392465341,2,低意识,0.0,0.0,0.0
26,0.44070602550363897,0.0,0.20467719772890158,0.6597532407657608,0.6181398127099014,0.9612798350848414,2,低意识,0.0,0.0,0.0
27,0.43509436228331794,0.0,0.2049948903354276,0.6608334423683055,0.6181200006050385,0.9220313041437574,2,低意识,0.0,0.0,0.0
28,0.4280091311532328,0.0,0.2052466930623302,0.659045344949511,0.6181021702589915,0.8768685966604417,2,低意识,0.0,0.0,0.0
29,0.42059410431483857,0.0,0.2054391729285203,0.6572930094790922,0.6180861233920566,0.8295362876993645,2,低意识,0.0,0.0,0.0
30,0.43922878726092074,0.0,0.2057172296100845,0.6590852791148871,0.6180716815721281,0.9510263280100052,2,低意识,0.0,0.0,0.0
31,0.44454522610623237,0.0,0.20593578979228552,0.6573321449611609,0.6180586842262372,0.9885326820686378,2,低意识,0.0,0.0,0.0
32,0.44068457285592944,0.0,0.20623385286376325,0.6593391550050927,0.618046986851631,0.9597371594122138,2,低意识,0.0,0.0,0.0
33,0.43443543751314617,0.0,0.20646267752555786,0.6575809433335622,0.61803645940631,0.9201294764004011,2,低意识,0.0,0.0,0.0
34,0.42732311631862196,0.0,0.20662943122376445,0.6558578958954624,0.6180269848609733,0.8748016928172132,2,低意识,0.0,0.0,0.0
35,0.4419768444172988,0.0,0.20672604043366546,0.6541693094061246,0.6186500062733449,0.9737851546311453,2,低意识,0.0,0.0,0.0
36,0.4453074372338365,0.0,0.20677711661959505,0.6525144946465735,0.6192112547989905,0.9973790934720309,2,低意识,0.0,0.0,0.0
37,0.44210007635340187,0.0,0.20679653739776696,0.6508927761822134,0.6197167956799479,0.9774590300094416,2,低意识,0.0,0.0,0.0
38,0.4370081535900737,0.0,0.20677600823295864,0.6493034920871407,0.6208057452987799,0.9442073631086525,2,低意识,0.0,0.0,0.0
39,0.4547911231996111,0.0,0.20671986253758937,0.6477459936739693,0.7332776440317574,0.9149494876729861,3,中等意识,0.0,0.0,0.0
40,0.48006006814952185,0.0,0.20662505710490334,0.6462196452290614,0.7994078334245571,0.9973970733187834,3,中等意识,0.0,0.0,0.0
41,0.4753309649373029,0.0,0.2065041031630975,0.6447238237530515,0.8032525790138556,0.9628990916753467,3,中等意识,0.0,0.0,0.0
42,0.4795605197093953,0.0,0.20636430670421582,0.6432579187065619,0.8018576670832951,0.995096941403872,3,中等意识,0.0,0.0,0.0
43,0.4791828737490421,0.0,0.20620230428886596,0.6418213317610021,0.7991267068813732,0.9983520344186259,3,中等意识,0.0,0.0,0.0
44,0.47721463844219436,0.0,0.20602071389100232,0.6404134765543534,0.8001930877235834,0.9859278853893765,3,中等意识,0.0,0.0,0.0
45,0.4736942148838058,0.0,0.20581857225945285,0.6390337784518378,0.8028169014084507,0.9610690963990505,3,中等意识,0.0,0.0,0.0
46,0.4641152760578225,0.0,0.20631181893772443,0.6436878525045203,0.8028169014084507,0.8903464099178894,3,中等意识,0.0,0.0,0.0
47,0.4743661833773118,0.0,0.20670969649263535,0.6422426668830014,0.8028169014084507,0.9600822028032951,3,中等意识,0.0,0.0,0.0
48,0.4804482124717119,0.0,0.20713380331962103,0.6468325631670606,0.8028169014084507,0.9939437259512365,3,中等意识,0.0,0.0,0.0
49,0.48109858116184195,0.0,0.20746589564009568,0.6453244833322909,0.8028169014084507,0.999847500571163,3,中等意识,0.0,0.0,0.0
50,0.4683494733714297,0.0,0.20771433542098303,0.6438465650942164,0.8028169014084507,0.9164927532446644,3,中等意识,0.0,0.0,0.0
51,0.4496868787637355,0.0,0.2080594981910253,0.612682528643604,0.8028169014084507,0.8331672874341299,2,低意识,0.0,0.0,0.0
52,0.463175242832758,0.0,0.20832068966230574,0.6111431637850177,0.8028169014084507,0.9247939457440212,3,中等意识,0.0,0.0,0.0
53,0.47094401106199807,0.0,0.20850582692193897,0.609634586223603,0.8028169014084507,0.9783503210079969,3,中等意识,0.0,0.0,0.0
54,0.47353490009123383,0.0,0.2086233187043157,0.6081561802134167,0.8028169014084507,0.9974374668399814,3,中等意识,0.0,0.0,0.0
55,0.4564977653621582,0.0,0.21036679028034713,0.606707342323434,0.8028169014084507,0.8834637237314121,3,中等意识,0.0,0.0,0.0
56,0.4432996289428929,0.0,0.21173636321652134,0.605287481191251,0.8028169014084507,0.7955431985309883,2,低意识,0.0,0.0,0.0
57,0.4585367478757593,0.0,0.21138816124531248,0.6038960172817118,0.8028169014084507,0.8994435459244288,3,中等意识,0.0,0.0,0.0
58,0.4679966659015512,0.0,0.21102879453540904,0.6025323826503632,0.8028169014084507,0.9648070012180442,3,中等意识,0.0,0.0,0.0
59,0.4732868146728269,0.0,0.2110899505668015,0.6082940583119613,0.8028169014084507,0.9923108841025612,3,中等意识,0.0,0.0,0.0
60,0.4537344856173716,0.0,0.21257641735528301,0.6068424628600078,0.8028169014084507,0.8619155286174888,3,中等意识,0.0,0.0,0.0
61,0.44023274286556147,0.0,0.2137482356838318,0.6054198993170933,0.8028169014084507,0.7722382372245756,2,低意识,0.0,0.0,0.0
62,0.4579845860446397,0.0,0.21355042141434336,0.6112675781790646,0.8028169014084507,0.8830507056284532,3,中等意识,0.0,0.0,0.0
63,0.46848296668219824,0.0,0.21331868810685903,0.609756512329769,0.8028169014084507,0.9553636420878833,3,中等意识,0.0,0.0,0.0
64,0.4730316341776178,0.0,0.21305738468842564,0.6082756677974593,0.8028169014084507,0.988010955991671,3,中等意识,0.0,0.0,0.0
65,0.4520416172488803,0.0,0.2141577923059226,0.6068244401557958,0.8028169014084507,0.8485452698323096,3,中等意识,0.0,0.0,0.0
66,0.43836695398461695,0.0,0.21500169508963496,0.6054022370669656,0.8028169014084507,0.7581519151440445,2,低意识,0.0,0.0,0.0
67,0.45518521957752245,0.0,0.21441946975763795,0.604008478039912,0.8028169014084507,0.8729083315754823,3,中等意识,0.0,0.0,0.0
68,0.46625611786759535,0.0,0.21384641850683586,0.6026425941933995,0.8028169014084507,0.9492995669723876,3,中等意识,0.0,0.0,0.0
69,0.4712358028312028,0.0,0.21328251437657253,0.6013040280238173,0.8028169014084507,0.9850340937962309,3,中等意识,0.0,0.0,0.0
70,0.4512347587040765,0.0,0.2144977811979868,0.6079107988354702,0.8028169014084507,0.8412644161046333,3,中等意识,0.0,0.0,0.0
71,0.43896152127422455,0.0,0.2155072979305971,0.6142554924221579,0.8028169014084507,0.7496372194798893,2,低意识,0.0,0.0,0.0
72,0.45730510221572773,0.0,0.2151648722238686,0.6185218763568103,0.8028169014084507,0.8666958147860121,3,中等意识,0.0,0.0,0.0
73,0.4698677371987481,0.0,0.21485902388349637,0.622530514118547,0.8028169014084507,0.9455096621109949,3,中等意识,0.0,0.0,0.0
74,0.47509335539754544,0.0,0.2145283784330606,0.6207941895504618,0.8028169014084507,0.9831030767943386,3,中等意识,0.0,0.0,0.0
75,0.45438279094697964,0.0,0.21662005563600048,0.6245814438093229,0.8028169014084507,0.8371940718414985,3,中等意识,0.0,0.0,0.0
76,0.44045086909503467,0.0,0.21827327662010218,0.6228041006474221,0.8028169014084507,0.7444800890655978,2,低意识,0.0,0.0,0.0
77,0.457721560365573,0.0,0.2175507685502359,0.6210623043487593,0.8028169014084507,0.8629037700272254,3,中等意识,0.0,0.0,0.0
78,0.46927930487193814,0.0,0.21684699886774902,0.61935534397607,0.8028169014084507,0.9431697068098948,3,中等意识,0.0,0.0,0.0
79,0.4746150783693634,0.0,0.21616110978368402,0.6176825228108342,0.8028169014084507,0.9818864771251306,3,中等意识,0.0,0.0,0.0
80,0.4523095922964325,0.0,0.21701944895766637,0.6160431580689032,0.8028169014084507,0.8342246040628564,3,中等意识,0.0,0.0,0.0
81,0.4397571100795185,0.0018854835340006745,0.2179817697122828,0.6195627135350452,0.8028169014084507,0.7414230817657506,2,低意识,0.003770971536667389,0.0,0.007541943073334778
82,0.4572734400206504,0.0022618244686070333,0.2173530341726295,0.6178857449786301,0.8028169014084507,0.8606456519437105,3,中等意识,0.004523656651340774,0.0,0.009047313302681548
83,0.4691648272161195,0.0029660387314604554,0.2167321221153628,0.6162423157933432,0.8028169014084507,0.9417669977988201,3,中等意识,0.005932094858603992,0.0,0.011864189717207985
84,0.4758382733158455,0.00357304765559179,0.21628867729582296,0.6197578881049964,0.8028169014084507,0.9811487869339566,3,中等意识,0.007146125722028995,0.0,0.01429225144405799
85,0.45386994612916676,0.004882613331791341,0.2173761658915003,0.6180770160571822,0.8028169014084507,0.833301840831948,3,中等意识,0.009765304265410557,0.0,0.019530608530821114
86,0.44116769354927265,0.007748247519435636,0.21832209432644611,0.620375508299003,0.8028169014084507,0.7395182057508918,2,低意识,0.015496805162489913,0.0,0.030993610324979826
87,0.45871512376451734,0.007987787490204415,0.21766565108651445,0.6186822838473085,0.8028169014084507,0.8592347308234097,3,中等意识,0.015975914765934074,0.0,0.03195182953186815
88,0.47066072798305547,0.008623203809663797,0.21701948586094028,0.6170229238846481,0.8028169014084507,0.9408870986655443,3,中等意识,0.01724683511731087,0.0,0.03449367023462174
89,0.4763145093864183,0.00917043010529005,0.2163836457237697,0.6153967511212408,0.8028169014084507,0.9806829480626897,3,中等意识,0.01834137437233685,0.0,0.0366827487446737
90,0.45530907221900685,0.01176054301173579,0.2173079550783101,0.6138031018131018,0.8028169014084507,0.8372222987073359,3,中等意识,0.023522170516856386,0.00556912898168932,0.04147521205202345
91,0.4420925934482468,0.01923815984165581,0.217994548292445,0.6122413254911254,0.8028169014084507,0.737816656329524,2,低意识,0.03848106752012238,0.024690220781541816,0.05227191425870295
92,0.45989923694400786,0.020307979925832286,0.21710457969240454,0.6107107846955886,0.8028169014084507,0.8579719253550734,3,中等意识,0.040621544764521955,0.028403481527765728,0.05283960800127818
93,0.4721636569432325,0.02197128111861974,0.21625342042261458,0.6092108547159626,0.8028169014084507,0.9400973423611467,3,中等意识,0.043949635189042435,0.03276126404945373,0.05513800632863114
94,0.47929597949269376,0.023638114250220634,0.21586797068586808,0.6130502478766131,0.8028169014084507,0.9802628462396812,3,中等意识,0.04728503681583594,0.03745259473547263,0.05711747889619925
95,0.45832584979457014,0.026217277703374155,0.217348059738378,0.6115035286333665,0.8028169014084507,0.8362522160845834,3,中等意识,0.05244657391818665,0.04336052646273875,0.06153262137363455
96,0.44618360851333605,0.033121300384666805,0.21861488189926206,0.6154765961105695,0.8028169014084507,0.7368107168900859,2,低意识,0.06626683989036054,0.060990419223904524,0.07154326055681656
97,0.4640329521716863,0.034088374763563356,0.2179378407497767,0.6138813499026439,0.8028169014084507,0.857224267124141,3,中等意识,0.0682031754746867,0.06432611864341847,0.07208023230595492
98,0.47748061106446815,0.03559601859682021,0.2173867513632179,0.6179827981934638,0.8028169014084507,0.9396287748149106,3,中等意识,0.07122212866059009,0.0682745279750992,0.07416972934608099
99,0.4845885946770059,0.03711909081629503,0.21689138618089399,0.6218262802794648,0.8028169014084507,0.9800127226611346,3,中等意识,0.07427230563517838,0.07257516370453515,0.07596944756582161
100,0.4644335365155693,0.03946978370587163,0.2179715124360706,0.6246578600418771,0.8028169014084507,0.8365122387454778,3,中等意识,0.0789805981362439,0.07790384190802718,0.08005735436446063
101,0.45072795348752426,0.045634752634628885,0.21881022898244076,0.6228789885553252,0.8028169014084507,0.7361202769308248,3,中等意识,0.0913329417338233,0.09341468267344477,0.08925120079420182
102,0.46851561268179465,0.04642588774549911,0.2180601353310056,0.6211356944985045,0.8028169014084507,0.8567106299855183,3,中等意识,0.09291857165639039,0.09642677786888665,0.08941036544389414
103,0.48076052797028934,0.04779872109374913,0.21733023314237354,0.6194272663228201,0.8028169014084507,0.9393064501474879,3,中等意识,0.09567034654378034,0.10002245870143578,0.09131823438612491
104,0.4877072224603014,0.04919549158987978,0.21684316429338127,0.6225014642570053,0.8028169014084507,0.9798402904737599,3,中等意识,0.09847047380901103,0.10398038027690037,0.09296056734112168
105,0.4668581450149186,0.05155653624856784,0.21792478693596765,0.6207657206861508,0.8028169014084507,0.8377835276444185,3,中等意识,0.1032045792899671,0.10964342870131277,0.09676572987862142
106,0.45338715012128367,0.05972378271229139,0.21875925367200735,0.6190646919867135,0.8028169014084507,0.7355202335318429,3,中等意识,0.11958989052419611,0.12456934125120439,0.11461043979718782
107,0.47126520661699944,0.06076183570080667,0.21796120584944612,0.6173976838612649,0.8028169014084507,0.8562639297864358,3,中等意识,0.12167355873150879,0.1273026589345707,0.11604445852844686
108,0.4836060313819899,0.06239256965665783,0.217189137920709,0.6157640158983253,0.8028169014084507,0.9390258528155229,3,中等意识,0.12494744112954437,0.13058960261720998,0.11930527964187876
109,0.4896638432317308,0.06410426048105197,0.21644151676105924,0.6141630212946445,0.8028169014084507,0.9796899347909127,3,中等意识,0.12838457340438675,0.1342481506876113,0.12252099612116218
110,0.47004344046237023,0.0663613506132962,0.21766055072373613,0.618082898918622,0.8028169014084507,0.8382735506592289,3,中等意识,0.13291804700238022,0.13950721839394714,0.1263288756108133
111,0.4563006172810694,0.07386794465130689,0.21861348846063233,0.6164355266545353,0.8028169014084507,0.735069652090127,3,中等意识,0.14800547809951128,0.15316086370197268,0.14285009249704989
112,0.474180373518569,0.07474443551096517,0.21788709062200073,0.6148211018357302,0.8028169014084507,0.8559283057839423,3,中等意识,0.1497681926034679,0.15565374518902475,0.14388264001791107
113,0.4865280296185659,0.0762358586201545,0.21717831357686074,0.6132389655133014,0.8028169014084507,0.9388148590920313,3,中等意识,0.15276813535131573,0.15867107493952926,0.1468651957631022
114,0.4925886586507906,0.07781511129394694,0.21648648662418174,0.611688471917321,0.8028169014084507,0.9795767255820876,3,中等意识,0.1559454923971458,0.16206291708387804,0.14982806771041357
115,0.4720527771211836,0.08005144076168566,0.21745680457947794,0.6101689881932604,0.8028169014084507,0.8396758539634955,3,中等意识,0.16044619471042137,0.16715416019423535,0.15373822922660743
116,0.45904402246124903,0.08729705663060536,0.2185174588704633,0.6138060270569152,0.8028169014084507,0.7346112055762122,3,中等意识,0.17503966653452374,0.18050904623142017,0.16957028683762732
117,0.4769815085560082,0.08823839006822207,0.2178584695297615,0.6122441922300627,0.8028169014084507,0.8555866560353178,3,中等意识,0.1769369486470469,0.18278501422052712,0.17108888307356668
118,0.48938667277616776,0.08979500714808171,0.21720916329581266,0.6107135940997471,0.8028169014084507,0.9385999281889683,3,中等意识,0.18007504968741805,0.18556756164379434,0.17458253773104174
119,0.4966168687859327,0.09152759976489157,0.21673905624930734,0.6145229324727219,0.8028169014084507,0.9794612721240924,3,中等意识,0.18356895387145195,0.1887194799482303,0.17841842779467357
120,0.4761848375046234,0.09400413601653683,0.21809264913720938,0.6129467595375531,0.8028169014084507,0.8394169432256439,3,中等意识,0.1885650227185744,0.19116725757708236,0.1859627878600664
121,0.4616488704216183,0.09929719792675537,0.2191485327597821,0.6114021100610878,0.8028169014084507,0.7343404139604354,3,中等意识,0.1992509938402784,0.2013988155787531,0.19710317210180364
122,0.479246924738454,0.09894005513965262,0.21831571942788114,0.6098883535741517,0.8028169014084507,0.8553847738096274,3,中等意识,0.19852962113037903,0.20120827994136098,0.19585096231939705
123,0.49127959757915474,0.09904753540946123,0.2175121544207664,0.6084048722169544,0.8028169014084507,0.9384728541170342,3,中等意识,0.19874670908254072,0.20156891522607706,0.19592450293900435
124,0.49705627525906076,0.09938617096602884,0.21673598817660347,0.6069510604869011,0.8028169014084507,0.9793929500210833,3,中等意识,0.199430713531292,0.20242628319363026,0.1964351438689537
125,0.47795710988142825,0.10176966744933573,0.21815558533269755,0.6115325031845966,0.8028169014084507,0.8400913002263022,3,中等意识,0.2042464242044339,0.20476819681311204,0.20372465159575573
126,0.46441169734972454,0.10666154026297975,0.21932912721573516,0.6160223170283381,0.8028169014084507,0.7340842876898319,3,中等意识,0.21413761760728994,0.21414253806341227,0.2141326971511676
127,0.4832452572258665,0.10635463014288682,0.21864843428693245,0.6204223345952049,0.8028169014084507,0.8551937708801809,3,中等意识,0.21351675430596834,0.21394802015801145,0.2130854884539252
128,0.49527512563863463,0.10647021490648104,0.2179783496613715,0.6187281736175866,0.8028169014084507,0.9383525798302174,3,中等意识,0.21375057148651216,0.2143263514707447,0.2131747915022796
129,0.5010526326328707,0.10685058185801444,0.21731895755821,0.6170678958595206,0.8028169014084507,0.9793282413542058,3,中等意识,0.21452005943318814,0.21528957404241295,0.2137505448239633
130,0.48196185007589404,0.1091497959505495,0.21869737026307765,0.6212780317254256,0.8028169014084507,0.8407729360591057,3,中等意识,0.21917275904277272,0.2175218778691112,0.22082364021643422
131,0.4669267666277159,0.11367700707780806,0.2197763128684534,0.6195667568052028,0.8028169014084507,0.7338368042789496,3,中等意识,0.22834100265691165,0.2261577915699648,0.23052421374385848
132,0.4845314975835271,0.1134052194630793,0.21893748231025184,0.6178897073833844,0.8028169014084507,0.8550091633155993,3,中等意识,0.22779032835970642,0.22595889278598674,0.22962176393342607
133,0.4976515884818311,0.11352928875281645,0.21829669037143823,0.6215555234906864,0.8028169014084507,0.9382362882634127,3,中等意识,0.22804170334666524,0.22635636129163655,0.2297270454016939
134,0.504999902849206,0.1166555180532662,0.2177200798118954,0.6241939082943437,0.8028169014084507,0.9792656362196773,3,中等意识,0.23437810096398043,0.22743919095385307,0.24131701097410777
135,0.48872320873581704,0.13099325253481162,0.21897625485206995,0.6263700626914211,0.8028169014084507,0.8422816787448384,3,中等意识,0.26350062030255084,0.23449097671710012,0.2925102638880016
136,0.47559385036400337,0.144415725934586,0.21995212447204596,0.6245569471518784,0.8028169014084507,0.7334981618258793,3,中等意识,0.29086490569144774,0.2802598879698985,0.30146992341299705
137,0.4938012057939126,0.1440447623804843,0.2192102474120745,0.6258555692983437,0.8028169014084507,0.8547564771667849,3,中等意识,0.2901072168553577,0.28003922976472045,0.30017520394599495
138,0.5058216563072431,0.14415665180082207,0.21848504128873855,0.6240527436266625,0.8028169014084507,0.9380770406151145,3,中等意识,0.29033574100337545,0.2804245255247943,0.30024695648195665
139,0.513064918472469,0.1477176951024296,0.21789003484684263,0.6255856546218421,0.8028169014084507,0.9791798434762298,3,中等意识,0.2976128207255414,0.28152017486152386,0.313705466589559
140,0.4967740257805552,0.16478432938311818,0.2190992220987457,0.623788227243691,0.8028169014084507,0.8429138218973207,3,中等意识,0.33260124420488213,0.28927260807632477,0.37592988033343955
141,0.4838266398957254,0.1794932648592131,0.22002155619930347,0.6220267484131029,0.8028169014084507,0.7332018831783378,3,中等意识,0.36291806958788675,0.3418513513406322,0.38398478783514134
142,0.5013809733627375,0.17902578070565112,0.21910374549374584,0.6203004991591266,0.8028169014084507,0.854535326493734,3,中等意识,0.36195205951587284,0.3416122191358015,0.38229189989594425
143,0.5134010597776789,0.1791222838232627,0.21822356760182532,0.6186087748902298,0.8028169014084507,0.9379376002784137,3,中等意识,0.36215146002902776,0.3419800080957697,0.38232291196228585
144,0.5200918744447772,0.18318779874967714,0.21737834027524816,0.6169508851067108,0.8028169014084507,0.9791046626618397,3,中等意识,0.37055839465916096,0.34310612631292065,0.39801066300540133
145,0.5048103915516745,0.20380363594909548,0.21847777054628345,0.6153261531188623,0.8028169014084507,0.8435687836645421,3,中等意识,0.4133956755741727,0.35181200392667916,0.4749793472216663
146,0.4921847236848858,0.2203023475245187,0.2192969101958231,0.6137339157707709,0.8028169014084507,0.7329306088583146,3,中等意识,0.44794771335711986,0.41378716540628074,0.482108261307959
147,0.5107471543246292,0.21970086669057481,0.21862122251108773,0.6169219807159969,0.8028169014084507,0.8543327781658564,3,中等意识,0.4466835660182486,0.413536501854689,0.4798306301818082
148,0.5228298899016324,0.21977743365469063,0.2179555534280836,0.6152978268159627,0.8028169014084507,0.9378098343830691,3,中等意识,0.44684446920423476,0.41387851507772216,0.47981042333074736
149,0.5297357388916898,0.2244630323581195,0.2173000505949746,0.6137061559939292,0.8028169014084507,0.9790357280179269,3,中等意识,0.4567020350381658,0.415071193431733,0.49833287664459863
150,0.5167974376045933,0.250392981127493,0.2187214115187973,0.6168947761346921,0.8028169014084507,0.8434171634022138,3,中等意识,0.5116640714188503,0.42505862810403,0.5982695147336705
151,0.5057207990223528,0.2693591432055529,0.21988399230262545,0.6196263758854692,0.8028169014084507,0.73277039534437,3,中等意识,0.55234540539849,0.5000110839452221,0.6046797268517579
152,0.5241718383064362,0.2687434239052721,0.2191498218718664,0.6223033436412307,0.8028169014084507,0.8542131263053905,3,中等意识,0.5510178681921303,0.4997641457508761,0.6022715906333844
153,0.5362223144394321,0.2687926803891819,0.2184315070442081,0.6205715624826919,0.8028169014084507,0.9377343343671102,3,中等意识,0.5511240514414018,0.5000629356386268,0.6021851672441767
154,0.5433043701918518,0.27428455349331177,0.2177286123313392,0.6188744169473237,0.8028169014084507,0.9789949712073414,3,中等意识,0.5629821745495598,0.5013902268673656,0.624574122231754
155,0.5317286789578171,0.30876869813043706,0.21893022721298497,0.6172112143226629,0.8028169014084507,0.844965572242587,3,中等意识,0.6383675463632728,0.5136460753761485,0.763089017350397
156,0.5203358996101818,0.33126146563146014,0.21984213662159158,0.6155812757504955,0.8028169014084507,0.7324831363080614,3,中等意识,0.688489088907787,0.6072823043844044,0.7696958734311696
157,0.5380977738136593,0.3314828056858499,0.21883561811397326,0.6139839359497712,0.8028169014084507,0.8539985419850519,3,中等意识,0.6889863747285259,0.6072823043844027,0.770690445072649
158,0.5498798171481072,0.3304694087995884,0.21787771545623322,0.6124185429450615,0.8028169014084507,0.9375988865750736,3,中等意识,0.6867102412001698,0.6072823043843991,0.7661381780159404
159,0.5567574429842278,0.330448990679625,0.21734440535254046,0.6163733101360306,0.8028169014084507,0.9789218128994476,3,中等意识,0.6866643988220651,0.6072823043844027,0.7660464932597275
160,0.5388351834780182,0.3346583703179988,0.21874968799448655,0.6200694541882796,0.8028169014084507,0.8456225478685009,3,中等意识,0.6961299981147442,0.6192790075601993,0.7729809886692891
161,0.5224765257935469,0.33774268450747247,0.2198421711046325,0.6183823508187998,0.8028169014084507,0.7322171333353475,3,中等意识,0.7030847341589883,0.6269343774122165,0.7792350909057602
162,0.5402439132783114,0.33786031859894927,0.21899844424794443,0.6167289895167095,0.8028169014084507,0.8537997772930218,3,中等意识,0.7033503067975371,0.6269343774122165,0.7797662361828577
163,0.5520526370504943,0.3368390121776288,0.2181837941242364,0.615108695440661,0.8028169014084507,0.9374733720761163,3,中等意识,0.7010453821732718,0.6269343774122165,0.7751563869343272
164,0.5576580727920515,0.3363326053178003,0.21739641828664488,0.6135208072461336,0.8028169014084507,0.9788539738290374,3,中等意识,0.6999031668332645,0.6269343774122165,0.7728719562543125
165,0.5384773246055352,0.3390075321671618,0.2185172862039633,0.6119646768154965,0.8028169014084507,0.8471044578544175,3,中等意识,0.7059415262159541,0.6346043667633046,0.7772786856686036
166,0.5216252380025205,0.34136277811706756,0.2192656785021584,0.6104396689934724,0.8028169014084507,0.7318672912829148,3,中等意识,0.7112684897256307,0.638352498402754,0.7841844810485075
167,0.5406623037535288,0.34130417916048345,0.21859375336151582,0.6151169302428878,0.8028169014084507,0.8535382797389133,3,中等意识,0.7111358365885998,0.6383524984027504,0.7839191747744492
168,0.5525224389210225,0.340283081533057,0.21793143859945888,0.6135288773523158,0.8028169014084507,0.9373081671047544,3,中等意识,0.7088252939112656,0.6383524984027522,0.779298089419779
169,0.5581911373519921,0.3398510512226387,0.21727892428490286,0.6119725855195551,0.8028169014084507,0.9787646153583375,3,中等意识,0.7078482414384144,0.6383524984027522,0.7773439844740766
170,0.5390747856830747,0.34279447317456496,0.21843350040268517,0.6104474195234497,0.8028169014084507,0.8469106874834417,3,中等意识,0.7145113534181871,0.6466774814234144,0.7823452254129597
171,0.5234710572011673,0.34545320631188836,0.2195347682039593,0.6144416091828511,0.8028169014084507,0.7316606657609528,3,中等意识,0.720543113528533,0.6515065771033148,0.7895796499537511
172,0.5412727778183688,0.34549093594658925,0.21877841491904204,0.6128670627134798,0.8028169014084507,0.8533837868235131,3,中等意识,0.7206287995002407,0.6515065771033202,0.7897510218971613
173,0.5531356552444593,0.34447056997513303,0.21804126278584254,0.6113240071734958,0.8028169014084507,0.9372105231807885,3,中等意识,0.7183123870136998,0.6515065771033166,0.785118196924083
174,0.5599619587882405,0.3441332136714194,0.2174918869980278,0.6153006650798962,0.8028169014084507,0.9787117644874046,3,中等意识,0.717546934784747,0.6515065771033202,0.7835872924661738
175,0.5410690060449952,0.3473909395423486,0.21887349561928862,0.613708937492584,0.8028169014084507,0.8476093617022885,3,中等意识,0.724947096409204,0.6606372934593194,0.7892568993590885
176,0.5242600745872562,0.35025000525559,0.2199402477870686,0.6121490444570181,0.8028169014084507,0.7314422302856746,3,中等意识,0.7314573779323439,0.6665175074182619,0.7963972484464259
177,0.5432229514157627,0.3501791754070641,0.21920100908538526,0.6164575573509732,0.8028169014084507,0.8532204266335652,3,中等意识,0.7312959147317724,0.6665175074182583,0.7960743220452864
178,0.5550841229036869,0.3491619877777888,0.21847810495001901,0.6148426919182395,0.8028169014084507,0.9371072420259857,3,中等意识,0.7289781467996126,0.6665175074182583,0.7914387861809669
179,0.56080509644747,0.3489484228003677,0.21777105338953084,0.6132601237941604,0.8028169014084507,0.9786558335263307,3,中等意识,0.7284917551031151,0.6665175074182619,0.7904660027879684
180,0.5432529754032145,0.352621746242433,0.21917338238319548,0.617880975947562,0.8028169014084507,0.8474885792984304,3,中等意识,0.7368692715655945,0.6767323777108443,0.7970061654203446
181,0.5275707352399646,0.3558966890227064,0.2203172174781491,0.6213637750561308,0.8028169014084507,0.7313132279716117,3,中等意识,0.7443591435510202,0.6842144910697483,0.804503796032292
182,0.5463750925874166,0.35591869102646095,0.2195403302008129,0.6247769181825283,0.8028169014084507,0.8531239324829526,3,中等意识,0.7444095300278537,0.6842144910697483,0.8046045689859591
183,0.5582024589656738,0.3549052185413355,0.21878353992768634,0.6229956655331634,0.8028169014084507,0.9370462197098652,3,中等意识,0.7420895274533357,0.684214491069743,0.7999645638369284
184,0.5639292965966836,0.35485317995976146,0.21804598854452473,0.6212500379367859,0.8028169014084507,0.978622773525273,3,中等意识,0.741970454307995,0.6842144910697465,0.7997264175462435
185,0.5453125797132832,0.3590291953724787,0.21924829885061628,0.6195393228923359,0.8028169014084507,0.8482291749325529,3,中等意识,0.751541987621883,0.6958159389519123,0.8072680362918536
186,0.5284944130454813,0.36262247531136665,0.22015878664956057,0.617862822148775,0.8028169014084507,0.7311406145085487,3,中等意识,0.7598042721942546,0.7050915264446873,0.8145170179438219
187,0.5462082938199138,0.3625100377990896,0.21912107179580032,0.6162198514200852,0.8028169014084507,0.8529947963018281,3,中等意识,0.7595453623608348,0.7050915264446855,0.8139991982769841
188,0.5590865107410216,0.36150357143893597,0.2184638429368115,0.6195489427871121,0.8028169014084507,0.9369645363654183,3,中等意识,0.7572288533013314,0.7050915264446855,0.8093661801579772
189,0.5648717304715116,0.3615367042913043,0.21781474304769202,0.6178722496456556,0.8028169014084507,0.9785785038555056,3,中等意识,0.7573050818318561,0.7050915264446855,0.8095186372190266
190,0.5473832780359671,0.365919272126755,0.21920916052188558,0.620782910020744,0.8028169014084507,0.8489444374270814,3,中等意识,0.7674066630188667,0.7171788204617746,0.8176345055759588
191,0.5305297336392573,0.3698032371216736,0.22028951150521353,0.6190815375346148,0.8028169014084507,0.7309422284612205,3,中等意识,0.7763902933162461,0.7273693162073434,0.8254112704251488
192,0.5483128363349389,0.36983752978437734,0.21940141324605325,0.6174141924982082,0.8028169014084507,0.8528463497220141,3,中等意识,0.7764697450223763,0.7273693162073451,0.8255701738374075
193,0.5601687881495457,0.36883765991003675,0.21854681072824092,0.6157801943625298,0.8028169014084507,0.9368706124812817,3,中等意识,0.7741541315215734,0.7273693162073398,0.820938946835807
194,0.5659957062104736,0.369090887924064,0.21772346051067018,0.6141788761895649,0.8028169014084507,0.9785275773848029,3,中等意识,0.7747403988427695,0.7273693162073451,0.8221114814781938
195,0.5478187629907941,0.374066288813741,0.2188512384454171,0.6126095843800594,0.8028169014084507,0.8496443062704897,3,中等意识,0.7862852439328969,0.7412492825190826,0.8313212053467112
196,0.5308969215725181,0.3782818606461424,0.21969724957399026,0.6110716784067438,0.8028169014084507,0.7307286035543035,3,中等意识,0.7961061360715589,0.7533725244186806,0.8388397477244371
197,0.5497927056722915,0.378220379972527,0.21898244792821567,0.6148738550935786,0.8028169014084507,0.852686465287405,3,中等意识,0.7959626448781605,0.7533725244186806,0.8385527653376403
198,0.562700302804607,0.37723084036774934,0.21833913028143734,0.6182298663871357,0.8028169014084507,0.9367694206484326,3,中等意识,0.7936542049035213,0.7533725244186771,0.8339358853883656
199,0.5686314921316574,0.37776315542046485,0.21770254804203465,0.6165795547736788,0.8028169014084507,0.9784726828780558,3,中等意识,0.7948957618713095,0.7533725244186824,0.8364189993239366
200,0.5508179200547134,0.38365025670762737,0.21899664996085189,0.6149622493924909,0.8028169014084507,0.8503346381696524,3,中等意识,0.8086658320504574,0.7698928591769016,0.8474388049240131
201,0.5339820592001314,0.38867804305076165,0.21998908032500353,0.6133772901189268,0.8028169014084507,0.7305059604464318,3,中等意识,0.8204837705857084,0.7852277367108025,0.8557398044606144
202,0.5528710333896845,0.388762516128942,0.21924511295250004,0.6169501629440683,0.8028169014084507,0.8525197926429677,3,中等意识,0.8206827891324449,0.7852277367108007,0.856137841554089
203,0.5647775712469709,0.38778371237421966,0.21851794528424706,0.6153254453994728,0.8028169014084507,0.9366638982332128,3,中等意识,0.818377670874213,0.7852277367108007,0.8515276050376253
204,0.5707731258685186,0.38855751979726966,0.2178070492014695,0.613733222205769,0.8028169014084507,0.9784154090404223,3,中等意识,0.8201998444851832,0.7852277367108007,0.8551719522595658
205,0.5536610354014246,0.39226622003361283,0.2192296418405206,0.617661695811524,0.8028169014084507,0.8510188838728158,3,中等意识,0.8289511484532928,0.7904331133011491,0.8674691836054365
206,0.5359445299389842,0.39427119984655384,0.22033552119419,0.6160227476095792,0.8028169014084507,0.7302779728993448,3,中等意识,0.8336947589504464,0.7910135359159147,0.8763759819849781
207,0.5538210387702122,0.39453362419860744,0.21944287515860775,0.6144165783716733,0.8028169014084507,0.8523490782187594,3,中等意识,0.8343162886302506,0.7910135359159183,0.877619041344583
208,0.5657224120474202,0.39356129105346976,0.21858417698239188,0.6128425325185256,0.8028169014084507,0.9365557806811944,3,中等意识,0.8320141631823392,0.7910135359159147,0.8730147904487637
209,0.5714424617556078,0.3932566243899288,0.21775713814561537,0.6112999675824407,0.8028169014084507,0.9783566948721614,3,中等意识,0.8312932543467957,0.7910135359159147,0.8715729727776766
210,0.554272360656254,0.39473674414273935,0.2191856095619721,0.6159600228600768,0.8028169014084507,0.853304452363128,3,中等意识,0.8347974655345753,0.7922594740464666,0.8773354570226841
211,0.537054718824574,0.3960396180338118,0.22035242371888683,0.6196644326578449,0.8028169014084507,0.7298537517272307,3,中等意识,0.8378860595876998,0.790276006010342,0.8854961131650576
212,0.5559659454565362,0.39624450416292967,0.21957214581794632,0.6231115626322081,0.8028169014084507,0.8520313162938852,3,中等意识,0.8383721064734422,0.790276006010342,0.8864682069365424
213,0.5686714827670254,0.39527633866481887,0.21886989748355243,0.6253093639425283,0.8028169014084507,0.9363544368927627,3,中等意识,0.8360761713092284,0.790276006010342,0.8818763366081148
214,0.5752219571722565,0.3951250789037541,0.21823787567022787,0.6274632092266421,0.8028169014084507,0.9782472679016927,3,中等意识,0.8357176578655463,0.7902760060103402,0.8811593097207524
215,0.5568967449615806,0.396857741642941,0.21956082996557488,0.625628230756395,0.8028169014084507,0.8538741141650749,3,中等意识,0.8398274361732545,0.7918985022728728,0.8877563700736362
216,0.5384278319086836,0.3982287255003727,0.220576430575396,0.6238299518555528,0.8028169014084507,0.729506625104737,3,中等意识,0.8430840880752619,0.7903861004674733,0.8957820756830506
217,0.5562739341281496,0.3984418729057767,0.21960439298615336,0.6220676385327275,0.8028169014084507,0.8517711954415939,3,中等意识,0.8435907802486446,0.7903861004674697,0.8967954600298196
218,0.5689985640356079,0.397478825104489,0.21889892757042015,0.6242863183250373,0.8028169014084507,0.9361895219913602,3,中等意识,0.8413022431299582,0.7903861004674697,0.8922183857924466
219,0.5748395193332172,0.39763299197934654,0.21820641000211613,0.6225148776728222,0.8028169014084507,0.9781575568113522,3,中等意识,0.8416684572845843,0.790386100467475,0.8929508141016935
220,0.5567640473186374,0.3994282858350373,0.2194770609862056,0.6207788658336515,0.8028169014084507,0.8552827347614432,3,中等意识,0.8459370064602982,0.7898976806189912,0.9019763323016052
221,0.5378066599877762,0.39988859522068043,0.22044675745997105,0.6190775742312642,0.8028169014084507,0.7291084304177929,3,中等意识,0.8470326249817886,0.7850123546397016,0.9090528953238755
222,0.5555694177149335,0.3996655051919716,0.2194334807422182,0.6174103084609246,0.8028169014084507,0.8514726886308134,3,中等意识,0.8465015709710895,0.7850123546397016,0.9079907873024773
223,0.5674887558336781,0.39870556856285755,0.2184684043538524,0.6157763880059919,0.8028169014084507,0.9360001662620314,3,中等意识,0.8442177768893293,0.7850123546396999,0.9034231991389587
224,0.5732201232054036,0.3984159629677266,0.2175477707768739,0.6141751459601577,0.8028169014084507,0.9780544588958369,3,中等意识,0.84352918190661,0.7850123546396981,0.9020460091735218
225,0.5553727685114076,0.39978555889124723,0.21861993598369628,0.6126059287552403,0.8028169014084507,0.8574521703941221,3,中等意识,0.8467873384395088,0.7856689563552637,0.907905720523754
226,0.5371039671334423,0.40032962626769897,0.21984607611342358,0.6160072985755641,0.8028169014084507,0.728583368980199,3,中等意识,0.8480828080836313,0.7817294550796676,0.9144361610875951
227,0.554969348195802,0.4002083091417275,0.21905885204178308,0.6144014383183385,0.8028169014084507,0.851078883711038,3,中等意识,0.8477938837472956,0.781729455079673,0.9138583124149182
228,0.5669636934390114,0.39925386073529273,0.21829390320032155,0.6128276952662575,0.8028169014084507,0.9357501885345487,3,中等意识,0.8455219688435789,0.7817294550796694,0.9093144826074884
229,0.572800475351237,0.39912901065989753,0.2175501309848703,0.611285427075218,0.8028169014084507,0.977918205283699,3,中等意识,0.845224935261363,0.781729455079673,0.908720415443053
230,0.5553617047638082,0.400625297322793,0.21877987257797815,0.6097740042479994,0.8028169014084507,0.8595414985748282,3,中等意识,0.8487871072509576,0.7824725767919984,0.9151016377099168
231,0.5359475247180427,0.40118125537174587,0.21971483130823743,0.6082928098773251,0.8028169014084507,0.7299153490420238,3,中等意识,0.8501119579702214,0.7773620805740142,0.9228618353664286
232,0.5534429274320738,0.4008292453895165,0.2186695614976371,0.6068412393940643,0.8028169014084507,0.8504671708310955,3,中等意识,0.849273034768065,0.7771568071626946,0.9213892623734354
233,0.5654034326235512,0.39966611024983245,0.21767779478379226,0.6054187003204687,0.8028169014084507,0.9353615050570048,3,中等意识,0.846503011126865,0.7771568071626946,0.9158492150910353
234,0.5723953681973764,0.39936156913654286,0.21716500381057294,0.6095134643639297,0.8028169014084507,0.9777060133109999,3,中等意识,0.8457782485945851,0.7771568071626946,0.9143996900264755
235,0.5551017713057008,0.4008163344476262,0.2187139209892006,0.6080374807909368,0.8028169014084507,0.8598935137071779,3,中等意识,0.8492422702981068,0.7787114635076007,0.919773077088613
236,0.5357094129618288,0.4017704172485902,0.21992255835981164,0.6065910168894038,0.8028169014084507,0.7293380887876537,3,中等意识,0.8515167025221633,0.7742963984419573,0.9287370066023692
237,0.553289029560333,0.4015313605866977,0.21901592562844194,0.6051734822659014,0.8028169014084507,0.8500328503539986,3,中等意识,0.8509466218147299,0.774101342897537,0.9277919007319229
238,0.5653097339376989,0.400390227776429,0.21814574400377865,0.6037842983348691,0.8028169014084507,0.9350852549611463,3,中等意识,0.8482271468900433,0.7741013428975387,0.9223529508825479
239,0.5712105923947968,0.40026999481594433,0.21730945260369663,0.6024228980824575,0.8028169014084507,0.9775549551459315,3,中等意识,0.8479407878697325,0.7741013428975316,0.9217802328419333
240,0.5544411351662953,0.40168874823094824,0.21856106690722077,0.6010887258350941,0.8028169014084507,0.8635040618560343,3,中等意识,0.851321930954354,0.7741272294179522,0.9285166324907559
241,0.5367160278015888,0.4025231223019147,0.21988980363670618,0.6062743181843573,0.8028169014084507,0.735260283868048,3,中等意识,0.853312539107113,0.770477393711201,0.936147684503025
242,0.553339630355564,0.40262845913443474,0.21909821564712378,0.6048631175349559,0.8028169014084507,0.8488457910256619,3,中等意识,0.8535639598443918,0.7712819581332058,0.9358459615555779
243,0.5669155920071149,0.40195345655010095,0.21844338683779524,0.6101290747129027,0.8028169014084507,0.934329035185066,3,中等意识,0.8519532863697736,0.771281958133204,0.9326246146063433
244,0.5728761489825888,0.4018170561510909,0.21779644127163034,0.6086407789329303,0.8028169014084507,0.9771404041480912,3,中等意识,0.8516279379800618,0.771281958133204,0.9319739178269195
245,0.5553806798005948,0.39637556473135616,0.21920979579806296,0.6071822490685574,0.8028169014084507,0.8696333290849441,3,中等意识,0.8386830676909245,0.7396776057555945,0.9376885296262545
246,0.5335626023787642,0.38704166264083834,0.2203010878898119,0.6057528898014719,0.8028169014084507,0.7401867393240512,3,中等意识,0.8166314893465887,0.7116747477174945,0.9215882309756829
247,0.549918265188047,0.38448881930206497,0.21952597320004552,0.6114501553200478,0.8028169014084507,0.8469163625121462,3,中等意识,0.8106331562692448,0.7124513555165235,0.9088149570219661
248,0.5622519166264645,0.38393145877750645,0.2187707702742951,0.6099354379279326,0.8028169014084507,0.9330962000663479,3,中等意识,0.8093253853845646,0.7124513555165235,0.9061994152526056
249,0.5697151887950687,0.38365721820068105,0.218148687921407,0.6156928060176872,0.8028169014084507,0.9764613678359298,3,中等意识,0.8086821580658814,0.7124513555165235,0.9049129606152393
250,0.552760531077835,0.3794867656460142,0.21958191868320856,0.6140932356116191,0.8028169014084507,0.870602856837838,3,中等意识,0.7989198670747824,0.6882368283172893,0.9096029058322754
251,0.53220069532769,0.3752097237757152,0.22069045664529496,0.6125256566136724,0.8028169014084507,0.74127774300185,3,中等意识,0.788945489468984,0.6759520931002596,0.9019388858377084
252,0.54705302505361,0.3742168605858474,0.2197070393748504,0.6109894291956847,0.8028169014084507,0.8453075727423397,3,中等意识,0.7866354034837011,0.6745289594080743,0.8987418475593278
253,0.5593798852128828,0.3734258056846256,0.21876775140054602,0.6094839263260567,0.8028169014084507,0.9320647864314383,3,中等意识,0.7847962916401894,0.6745289594080708,0.895063623872308
254,0.5653579109400404,0.3729417198451985,0.2178692640345371,0.6080085335138212,0.8028169014084507,0.9758902745825261,3,中等意识,0.783671470440022,0.6745289594080726,0.8928139814719716
255,0.5485792959755537,0.3698646205632677,0.21905954673925107,0.6065626485578306,0.8028169014084507,0.8695021432908681,3,中等意识,0.7765325125370612,0.6567253202473688,0.8963397048267536
256,0.5299674664500404,0.36708354571642204,0.22033482993880407,0.6128017114676916,0.8028169014084507,0.7400392763863046,3,中等意识,0.7700965212827526,0.6476071451290499,0.8925858974364553
257,0.545008336583612,0.3665600132496024,0.21949874341190562,0.6112599629526234,0.8028169014084507,0.8443547447774363,3,中等意识,0.7688866594525066,0.6463215082419227,0.8914518106630904
258,0.5574186044604563,0.3657983330920107,0.2186898177143479,0.6097490494078566,0.8028169014084507,0.9314524498754837,3,中等意识,0.7671274055994513,0.6463215082419245,0.887933302956978
259,0.5648395904385463,0.3651384377178039,0.21807583275436432,0.615219704455011,0.8028169014084507,0.9755499552368673,3,中等意识,0.7656041590793601,0.6463215082419227,0.8848868099167975
260,0.5481277915347064,0.36204677724803325,0.21942088325619158,0.6136295960801965,0.8028169014084507,0.8696174738248686,3,中等意识,0.7584788685620896,0.6292489929783018,0.8877087441458773
261,0.5293693435676293,0.35911803562999345,0.22049392820732902,0.6180774680660261,0.8028169014084507,0.7420811674917988,3,中等意识,0.7517459681319258,0.6201244609322236,0.8833674753316281
262,0.5439913125971116,0.35877121822450164,0.2196419326528141,0.6164302044189913,0.8028169014084507,0.8434713356328997,3,中等意识,0.7509497472136788,0.619068113919405,0.8828313805079526
263,0.5564454879213165,0.3580905164738409,0.21881868879043975,0.6148158860448971,0.8028169014084507,0.9308837570273255,3,中等意识,0.7493876577916043,0.6190681139194067,0.8797072016638019
264,0.5624952277571693,0.35758251229229493,0.21802245040415752,0.6132338540382849,0.8028169014084507,0.9752330567594465,3,中等意识,0.7482224477755723,0.6190681139194014,0.8773767816317433
265,0.5460379991227133,0.3557530337065858,0.21923721648428657,0.611683462671805,0.8028169014084507,0.8690148305543894,3,中等意识,0.7440301827530957,0.6064296783941279,0.8816306871120636
266,0.52769128429284,0.35293756634281825,0.22043682788648125,0.6158288687072417,0.8028169014084507,0.7442691540446709,3,中等意识,0.7375906954991032,0.5965596521868948,0.8786217388113116
267,0.542049612967709,0.352777231352126,0.2195905429824847,0.6142265770473827,0.8028169014084507,0.8435233389467596,3,中等意识,0.7372244213257413,0.5974092423559609,0.8770396002955216
268,0.5544507961727624,0.3522091944371554,0.21877243867465526,0.6126563312207207,0.8028169014084507,0.9303290886847211,3,中等意识,0.7359271609371794,0.5974030040281884,0.8744513178461704
269,0.561755063816098,0.3517288970059709,0.2181501928980878,0.6169546983794018,0.8028169014084507,0.9749232068494477,3,中等意识,0.7348307388517066,0.5974030040281901,0.872258473675223
270,0.5466618810196663,0.35024057320427676,0.21958086541949784,0.6206392146667834,0.8028169014084507,0.8699622761310043,3,中等意识,0.7314358761707189,0.5857544656530331,0.8771172866884047
271,0.527287542272324,0.34856614383067486,0.22069004118958838,0.6189407160877334,0.8028169014084507,0.7443764971833385,3,中等意识,0.7276213253460853,0.5782127175191745,0.877029933172996
272,0.5415583291505152,0.34867785481481073,0.21976198743381328,0.6172761874802646,0.8028169014084507,0.8427856678820451,3,中等意识,0.7278756582486419,0.5786104154882752,0.8771409010090085
273,0.5552032667161398,0.34815484211052783,0.2190407871354565,0.6211338017805295,0.8028169014084507,0.9304417208241369,3,中等意识,0.7266851070875875,0.5786104154882734,0.8747597986869016
274,0.5620106718738743,0.3472798193933872,0.21839170694468413,0.6237806210183898,0.8028169014084507,0.9746191410081504,3,中等意识,0.724694366276065,0.5787498395749031,0.8706388929772269
275,0.5465619280793961,0.34574971591110715,0.2197969074151997,0.6259650411609865,0.8028169014084507,0.8693915273646128,3,中等意识,0.72121657070939,0.5688316593575786,0.8736014820612015
276,0.5281466846209141,0.3438788863163932,0.22094089104130013,0.6278947531571181,0.8028169014084507,0.7456430261362803,3,中等意识,0.7169700062538578,0.5605541909661165,0.873385821541599
277,0.5420656475463252,0.34385778412499357,0.2200442006706329,0.6260511438082614,0.8028169014084507,0.8421250155840521,3,中等意识,0.7169221421606826,0.5620260052337764,0.8718182790875888
278,0.5546289157263736,0.34351285991643304,0.21918073140035924,0.6242444066463819,0.8028169014084507,0.9300152857081797,3,中等意识,0.7161398950107523,0.5620260052337747,0.8702537847877299
279,0.5606271589169798,0.34274889270237585,0.21834829007727344,0.62247380422774,0.8028169014084507,0.97474757732462,3,中等意识,0.7144080557840864,0.5620260052337764,0.8667901063343963
280,0.5450639127402472,0.34100863913533835,0.21975960539346198,0.6242580146935437,0.8028169014084507,0.8696323243821426,3,中等意识,0.7104669006143993,0.5519819305762157,0.868951870652583
281,0.5261270393443551,0.3388952538174359,0.2208513319453711,0.6224871401139586,0.8028169014084507,0.7478143413096003,3,中等意识,0.7056878219257254,0.5439623104066262,0.8674133334448246
282,0.5404858296076737,0.33912982991080365,0.22002119777081164,0.6240513631793922,0.8028169014084507,0.8421698643882786,3,中等意识,0.7062178951710836,0.54532360555302,0.8671121847891472
283,0.5529911170589721,0.33883838656346515,0.21921647706270922,0.6222846216300901,0.8028169014084507,0.9294528026523722,3,中等意识,0.7055593329340732,0.5453070239831446,0.8658116418850019
284,0.5598345693372351,0.3383274985347186,0.2185498284719681,0.6240726157478469,0.8028169014084507,0.9744321705193484,3,中等意识,0.704405255203612,0.5453070239831428,0.8635034864240811
285,0.5439748947933333,0.3380087894914389,0.21988492905190116,0.6223054491471756,0.8028169014084507,0.869808276659787,3,中等意识,0.7036855311217676,0.5399570163972252,0.86741404584631
286,0.5258807777738901,0.3381379939718744,0.22090909299709716,0.6205736258785177,0.8028169014084507,0.7499090348273888,3,中等意识,0.7039772857786102,0.5374725217552472,0.8704820498019732
287,0.5393010794854393,0.3386315413243969,0.2199038158990648,0.6188764390752332,0.8028169014084507,0.8421584191852685,3,中等意识,0.7050920226256991,0.5390800112816949,0.8711040339697034
288,0.5526069104096332,0.33841380505358837,0.21916843358875182,0.6209479231130799,0.8028169014084507,0.9294453834945309,3,中等意识,0.7046001868855933,0.5390637892709789,0.8701365845002078
289,0.5587627669203734,0.337986951496478,0.21844898954549047,0.619243250365104,0.8028169014084507,0.974428005216299,3,中等意识,0.7036362219226855,0.5396682492161036,0.8676041946292674
290,0.5433073164641429,0.3391878779740269,0.21981177882148528,0.6175726710720876,0.8028169014084507,0.8698005114015429,3,中等意识,0.7063490814934004,0.5405692088334453,0.8721289541533555
291,0.5259286505825653,0.3414882288196365,0.2208944202363039,0.6159355033649316,0.8028169014084507,0.7508481891714598,3,中等意识,0.711552498414552,0.5417390822116817,0.8813659146174224
292,0.5392075265986991,0.3424951683856738,0.21983639792669793,0.6143310790119186,0.8028169014084507,0.8412457255524476,3,中等意识,0.7138331149209294,0.5430556331167216,0.8846105967251372
293,0.5528108322472882,0.34218539462208336,0.21910775757659132,0.6173125627996818,0.8028169014084507,0.9294469282321512,3,中等意识,0.7131313191144191,0.5430556331167198,0.8832070051121184
294,0.5590037735576184,0.3416232447294435,0.21839438128936722,0.615680597257974,0.8028169014084507,0.9747972425606611,3,中等意识,0.7118581926189926,0.5423802684792589,0.8813361167587264
295,0.5435403804390395,0.34160270593637415,0.2197888792799432,0.6140812710271002,0.8028169014084507,0.8720152907456472,3,中等意识,0.7118116879666694,0.5388837611015473,0.8847396148317914
296,0.527427078951438,0.3429786342851861,0.221029191518322,0.6174531340019869,0.8028169014084507,0.7561504999625971,3,中等意识,0.7149287493807237,0.5388864948176879,0.8909710039437595
297,0.5397786952030463,0.3433351184195244,0.22012367191245405,0.6158183570362328,0.8028169014084507,0.8412875301782511,3,中等意识,0.7157368804651547,0.5413078307385044,0.890165930191805
298,0.5532898793670898,0.34296825172589696,0.21936630428987466,0.6193424085230282,0.8028169014084507,0.9282846239422994,3,中等意识,0.7149052160137734,0.5414053074200309,0.888405124607516
299,0.5605839172485948,0.3426447291310545,0.21868467345111992,0.6222236657205692,0.8028169014084507,0.9745179123320211,3,中等意识,0.7141720067861508,0.5413029436894439,0.8870410698828577
